symbol,synonym_symbol,scientific_name,common_name,fips_code
ABGR3,NA,Abutilon grandifolium (Willd.) Sweet,hairy Indian mallow,US74
ABIN3,NA,Abutilon indicum (L.) Sweet,monkeybush,US74
ABINA,NA,Abutilon indicum (L.) Sweet ssp. albescens (M,NA,US74
ABINA,ABASA,Abutilon asiaticum (L.) Sweet var. albescens ,NA,US74
ABUTI,NA,Abutilon Mill.,Indian mallow,US74
ACALY,NA,Acalypha L.,copperleaf,US74
ACHYR2,NA,Achyranthes L.,chaff flower,US74
ACIN12,NA,Acalypha indica L.,Indian acalypha,US74
ACSP3,NA,Achyranthes splendens Mart. ex Moq.,Maui chaff flower,US74
ACSPA2,ACAT,Achyranthes atollensis H. St. John,NA,US74
ACSPA2,NA,Achyranthes splendens Mart. ex Moq. var. atol,NA,US74
AGAT2,NA,Agave attenuata Salm-Dyck,NA,US74
AGAVE,NA,Agave L.,agave,US74
AGSI2,NA,Agave sisalana Perrine,sisal hemp,US74
AGSI2,AGRIS,Agave rigida Mill. var. sisalana (Perrine) En,NA,US74
ALBIZ,NA,Albizia Durazz.,albizia,US74
ALCE,ALCEP,Allium cepa L. var. proliferum (Moench) Regel,NA,US74
ALCE,ALCEM,Allium cepa L. var. multiplicans L.H. Bailey,NA,US74
ALCE,NA,Allium cepa L.,garden onion,US74
ALCE,ALCEC,Allium cepa L. var. cepa,NA,US74
ALCE,ALCES,Allium cepa L. var. solaninum Alef.,NA,US74
ALCE,ALCEA2,Allium cepa L. var. aggregatum G. Don,NA,US74
ALCU5,NA,Alocasia cucullata (Lour.) G. Don,chinese taro,US74
ALFI8,NA,Alternanthera ficoidea (L.) P. Beauv.,sanguinaria,US74
ALFI8,ACFI2,Achyranthes ficoidea auct. non (L.) Lam.,NA,US74
ALFI8,ALTE4,Alternanthera tenella Colla,NA,US74
ALLE,MILE6,Mimosa lebbeck L.,NA,US74
ALLE,NA,Albizia lebbeck (L.) Benth.,woman's tongue,US74
ALLIU,NA,Allium L.,onion,US74
ALMA11,ARIN21,Arum indicum Lour.,NA,US74
ALMA11,NA,Alocasia macrorrhizos (L.) G. Don,giant taro,US74
ALMA11,ALAL11,Alocasia alba Schott,NA,US74
ALMA11,ALMA17,"Alocasia macrorrhiza (L.) Schott, orth. var.",NA,US74
ALMA11,ALCR14,Alocasia crassifolia Engl.,NA,US74
ALMA11,ALIN10,Alocasia indica (Lour.) Spach,NA,US74
ALMA11,COIN13,Colocasia indica (Lour.) Kunth,NA,US74
ALOCA,NA,Alocasia (Schott) G. Don,taro,US74
ALTER2,NA,Alternanthera Forssk.,joyweed,US74
AMAR4,NA,Ammophila arenaria (L.) Link,European beachgrass,US74
AMARA,NA,Amaranthus L.,pigweed,US74
AMBL2,NA,Amaranthus blitum L.,purple amaranth,US74
AMBLE2,NA,Amaranthus blitum L. var. emarginatus (Salzm.,purple amaranth,US74
AMBLE2,AMBLE,Amaranthus blitum L. ssp. emarginatus (Moq. e,NA,US74
AMBLE2,AMLI,Amaranthus lividus auct. non L.,NA,US74
AMBLP,NA,Amaranthus blitum L. var. pseudogracilis (The,purple amaranth,US74
AMBLP,AMLIP,Amaranthus lividus L. var. polygonoides (Moq.,NA,US74
AMBLP,AMLIP2,Amaranthus lividus L. ssp. polygonoides (Moq.,NA,US74
AMDU,NA,Amaranthus dubius Mart. ex Thell.,spleen amaranth,US74
AMGR13,NA,Amaranthus graecizans L.,Mediterranean amaranth,US74
AMHY,NA,Amaranthus hybridus L.,slim amaranth,US74
AMHY,AMPA11,Amaranthus patulus Bertol.,NA,US74
AMHY,AMCH7,Amaranthus chlorostachys Willd.,NA,US74
AMHY,AMIN6,Amaranthus incurvatus Tim. ex Gren. & Godr.,NA,US74
AMIN8,NA,Amaranthus interruptus R. Br.,NA,US74
AMMOP,NA,Ammophila Host,beachgrass,US74
AMSP,NA,Amaranthus spinosus L.,spiny amaranth,US74
AMTR2,AMGA,Amaranthus gangeticus L.,NA,US74
AMTR2,NA,Amaranthus tricolor L.,Joseph's-coat,US74
AMVI,AMGR10,Amaranthus gracilis Desf.,NA,US74
AMVI,NA,Amaranthus viridis L.,slender amaranth,US74
AMVI,AMVI5,"Amaranthus viridus L., orth. var.",NA,US74
ANAGA,NA,Anagallis L.,pimpernel,US74
ANAN15,NA,Anthurium andraeanum Linden,flamingo-lily,US74
ANANA,NA,Ananas Mill.,pineapple,US74
ANAR,NA,Anagallis arvensis L.,scarlet pimpernel,US74
ANAR,LYAR6,Lysimachia arvensis (L.) U. Manns & Anderb.,NA,US74
ANCO30,NA,Ananas comosus (L.) Merr.,pineapple,US74
ANCO30,BRCO11,Bromelia comosa L.,NA,US74
ANCO30,ANAN11,"Ananas ananas (L.) Voss, nom. inval.",NA,US74
ANDRO2,NA,Andropogon L.,bluestem,US74
ANETH,NA,Anethum L.,dill,US74
ANGR2,NA,Anethum graveolens L.,dill,US74
ANLE4,NA,Antigonon leptopus Hook. & Arn.,coral vine,US74
ANLE4,COLE5,Corculum leptopum (Hook. & Arn.) Stuntz,NA,US74
ANMU2,NA,Annona muricata L.,soursop,US74
ANNON,NA,Annona L.,annona,US74
ANTHU,NA,Anthurium Schott,laceleaf,US74
ANTIG,NA,Antigonon Endl.,antigonon,US74
ANVI2,NA,Andropogon virginicus L.,broomsedge bluestem,US74
ARAUC2,NA,Araucaria Juss.,araucaria,US74
ARHE12,NA,Araucaria heterophylla (Salisb.) Franco,Norfolk Island pine,US74
ASGA2,NA,Asystasia gangetica (L.) T. Anderson,Chinese violet,US74
ASGA2,JUGA,Justicia gangetica L.,NA,US74
ASGA2,ASCO34,Asystasia coromandeliana Nees,NA,US74
ASNI,NA,Asplenium nidus L.,Hawai'I birdnest fern,US74
ASPLE,NA,Asplenium L.,spleenwort,US74
ASYST,NA,Asystasia Blume,asystasia,US74
BACOP,NA,Bacopa Aubl.,waterhyssop,US74
BAMO,NA,Bacopa monnieri (L.) Pennell,herb of grace,US74
BAMO,BRMO5,Bramia monnieri (L.) Drake,NA,US74
BAMO,LYMO,Lysimachia monnieri L.,NA,US74
BIAL,NA,Bidens alba (L.) DC.,romerillo,US74
BIALR,BIPIR,Bidens pilosa L. var. radiata Sch. Bip.,NA,US74
BIALR,NA,Bidens alba (L.) DC. var. radiata (Sch. Bip.),romerillo,US74
BIDEN,NA,Bidens L.,beggarticks,US74
BIPI,BIPIM,Bidens pilosa L. var. minor (Blume) Sherff,NA,US74
BIPI,BIPIP2,Bidens pilosa L. var. pilosa,NA,US74
BIPI,NA,Bidens pilosa L.,hairy beggarticks,US74
BIPI,BIPIB,Bidens pilosa L. var. bimucronata (Turcz.) Sc,NA,US74
BIPI,BIOD,Bidens odorata Cav.,NA,US74
BOAL6,NA,Boerhavia albiflora Fosberg,NA,US74
BOALP,NA,Boerhavia albiflora Fosberg var. powelliae,NA,US74
BOBU3,NA,Bougainvillea ×buttiana Holttum & Standl. [[g,bougainvillea,US74
BOERH2,NA,Boerhavia L.,spiderling,US74
BOPE2,NA,Bothriochloa pertusa (L.) A. Camus,pitted beardgrass,US74
BOPE2,HOPE3,Holcus pertusus L.,NA,US74
BOPE2,ANPE7,Andropogon pertusus (L.) Willd.,NA,US74
BORE4,BODIT,Boerhavia diffusa L. var. tetrandra (G. Forst,NA,US74
BORE4,BODIP,Boerhavia diffusa L. var. pseudotetrandra Hei,NA,US74
BORE4,NA,Boerhavia repens L.,anena,US74
BORE4,BODIG,Boerhavia diffusa L. var. gymnocarpa Heimerl,NA,US74
BORE4,BODIS,Boerhavia diffusa L. var. sandwicensis Heimer,NA,US74
BOSP6,NA,Bougainvillea spectabilis Willd.,great bougainvillea,US74
BOTE11,NA,Boerhavia tetrandra G. Forst.,NA,US74
BOTHR,NA,Bothriochloa Kuntze,beardgrass,US74
BOUGA,NA,Bougainvillea Comm. ex Juss.,bougainvillea,US74
BRASS2,NA,Brassica L.,mustard,US74
BRCA6,FEUN,"Festuca unioloides (Willd.) Raspail, non Brom",NA,US74
BRCA6,CECA12,Ceratochloa cathartica (Vahl) Herter,NA,US74
BRCA6,CEWI,Ceratochloa willdenowii (Kunth) W.A. Weber,NA,US74
BRCA6,BRWI,Bromus willdenowii Kunth,NA,US74
BRCA6,CEUN3,"Ceratochloa unioloides (Willd.) Raspail, non ",NA,US74
BRCA6,BRHA,Bromus haenkeanus (J. Presl) Kunth,NA,US74
BRCA6,NA,Bromus catharticus Vahl,rescuegrass,US74
BRCA6,BRBR81,Bromus brevis Nees ex Steud.,NA,US74
BRCA6,BRUN,Bromus unioloides Kunth,NA,US74
BROL,BROLC,Brassica oleracea L. var. capitata,NA,US74
BROL,NA,Brassica oleracea L.,cabbage,US74
BROL,BROLA,Brassica oleracea L. var. acephala DC.,NA,US74
BROLI,NA,Brassica oleracea L. var. italica Plenck,sprouting broccoli,US74
BROMU,NA,Bromus L.,brome,US74
CAAN4,NA,Capsicum annuum L.,cayenne pepper,US74
CABI11,CYBI7,Cyrtospadix bicolor (Aiton) Britton & P. Wils,NA,US74
CABI11,NA,Caladium bicolor (Aiton) Vent.,heart of Jesus,US74
CAEQ,CALI8,Casuarina litorea L. ex Fosberg & Sachet,NA,US74
CAEQ,NA,Casuarina equisetifolia L.,beach sheoak,US74
CAGI11,NA,Calotropis gigantea (L.) W.T. Aiton,giant milkweed,US74
CAGL11,NA,Casuarina glauca Siebold ex Spreng.,gray sheoak,US74
CALAD,NA,Caladium Vent.,caladium,US74
CALOT,NA,Calotropis R. Br.,calotropis,US74
CALYP2,NA,Calyptocarpus Less.,calyptocarpus,US74
CAMA37,NA,Carissa macrocarpa (Eckl.) A. DC.,amatungulu,US74
CAMA37,CAGR15,Carissa grandiflora (E. Mey.) A. DC.,NA,US74
CAPA23,NA,Carica papaya L.,papaya,US74
CAPA23,PACA27,Papaya carica Gaertn.,NA,US74
CAPPA,NA,Capparis L.,caper,US74
CAPSI,NA,Capsicum L.,pepper,US74
CARIC,NA,Carica L.,papaya,US74
CARIS,NA,Carissa L.,carissa,US74
CARO14,VIRO6,Vinca rosea L.,NA,US74
CARO14,NA,Catharanthus roseus (L.) G. Don,Madagascar periwinkle,US74
CARO14,AMRO4,Ammocallis rosea (L.) Small,NA,US74
CARO14,LORO6,Lochnera rosea (L.) Rchb. ex Spach,NA,US74
CASA4,CASAZ,Capparis sandwichiana DC. var. zoharyi O. Deg,NA,US74
CASA4,NA,Capparis sandwichiana DC.,native caper,US74
CASUA,NA,Casuarina Rumph. ex L.,sheoak,US74
CATHA,NA,Catharanthus G. Don,periwinkle,US74
CAVI2,NA,Calyptocarpus vialis Less.,straggler daisy,US74
CAVI2,SYGR3,Synedrellopsis grisebachii auct. non Hieron. ,NA,US74
CAVI2,SYVI,Synedrella vialis (Less.) A. Gray,NA,US74
CEAG,NA,Cenchrus agrimonioides Trin.,kamanomano,US74
CEBR,NA,Cenchrus brownii Roem. & Schult.,slimbristle sandbur,US74
CEBR,CEVI7,Cenchrus viridis Spreng.,NA,US74
CEEC,CEECH,Cenchrus echinatus L. var. hillebrandianus (H,NA,US74
CEEC,NA,Cenchrus echinatus L.,southern sandbur,US74
CEER5,CEMI8,"Centaurium minus Moench, nom. utique rej.",NA,US74
CEER5,NA,Centaurium erythraea Rafn,European centaury,US74
CEER5,ERCE4,Erythraea centaurium auct.,NA,US74
CEER5,CEUM,Centaurium umbellatum auct. non Gilib.,NA,US74
CENCH,NA,Cenchrus L.,sandbur,US74
CENTA2,NA,Centaurium Hill,centaury,US74
CHAMA15,NA,Chamaesyce Gray,sandmat,US74
CHAT3,NA,Chamaesyce atoto (G. Forst.) Croizat,NA,US74
CHBA10,CHPA20,Chloris paraguaiensis Steud.,NA,US74
CHBA10,NA,Chloris barbata Sw.,swollen fingergrass,US74
CHBA10,CHIN4,Chloris inflata Link,NA,US74
CHCA10,CHEG,Chrysophyllum eggersii Pierre,NA,US74
CHCA10,CYBI2,Cynodendron bicolor (Poir.) Baehni,NA,US74
CHCA10,NA,Chrysophyllum cainito L.,star apple,US74
CHCA10,CHBI5,Chrysophyllum bicolor Poir.,NA,US74
CHDI2,NA,Chloris divaricata R. Br.,spreading windmill grass,US74
CHDI2,CHDIC,Chloris divaricata R. Br. var. cynodontioides,NA,US74
CHDI2,CHCY2,Chloris cynodontioides Balansa,NA,US74
CHHI3,EUPI7,"Euphorbia pilulifera L., nom. utique rej.",NA,US74
CHHI3,NA,Chamaesyce hirta (L.) Millsp.,pillpod sandmat,US74
CHHI3,EUHI,Euphorbia hirta L.,NA,US74
CHHY2,EUBI5,Euphorbia bifida auct. non Hook. & Arn.,NA,US74
CHHY2,EUHY3,Euphorbia hypericifolia L.,NA,US74
CHHY2,NA,Chamaesyce hypericifolia (L.) Millsp.,graceful sandmat,US74
CHHY2,CHGL10,Chamaesyce glomerifera Millsp.,NA,US74
CHHY2,EUGL14,Euphorbia glomerifera (Millsp.) L.C. Wheeler,NA,US74
CHHY3,EUHY2,Euphorbia hyssopifolia L.,NA,US74
CHHY3,CHBR7,Chamaesyce brasiliensis (Lam.) Small,NA,US74
CHHY3,NA,Chamaesyce hyssopifolia (L.) Small,hyssopleaf sandmat,US74
CHHY3,EUBR3,Euphorbia brasiliensis Lam.,NA,US74
CHLOR,NA,Chloris Sw.,windmill grass,US74
CHMA15,EUMA7,Euphorbia maculata L.,NA,US74
CHMA15,CHMA10,Chamaesyce mathewsii Small,NA,US74
CHMA15,CHTR10,Chamaesyce tracyi Small,NA,US74
CHMA15,NA,Chamaesyce maculata (L.) Small,spotted sandmat,US74
CHMA15,EUSU,Euphorbia supina Raf.,NA,US74
CHMA15,CHSU13,Chamaesyce supina (Raf.) H. Hara,NA,US74
CHMA15,EURA13,Euphorbia rayturneri V.W. Steinm. & Jercinovi,NA,US74
CHPR6,NA,Chamaesyce prostrata (Aiton) Small,prostrate sandmat,US74
CHPR6,EUCH7,Euphorbia chamaesyce auct. non L.,NA,US74
CHPR6,EUPR3,Euphorbia prostrata Aiton,NA,US74
CHRYS5,NA,Chrysophyllum L.,chrysophyllum,US74
CHTH4,ANTH4,Anisophyllum thymifolium (L.) Klotzsch & Garc,NA,US74
CHTH4,NA,Chamaesyce thymifolia (L.) Millsp.,gulf sandmat,US74
CHTH4,EUTH2,Euphorbia thymifolia L.,NA,US74
CHVI4,NA,Chloris virgata Sw.,feather fingergrass,US74
CISI3,CIAUS,Citrus aurantium L. var. sinensis,NA,US74
CISI3,NA,Citrus ×sinensis (L.) Osbeck (pro sp.) [maxim,sweet orange,US74
CISI3,CISI,"Citrus sinensis (L.) Osbeck, database artifac",NA,US74
CITRU2,NA,Citrus L.,citrus,US74
CLEOM,NA,Cleome L.,spiderflower,US74
CLGY,GYGY,Gynandropsis gynandra (L.) Briq.,NA,US74
CLGY,CLPE4,Cleome pentaphylla L.,NA,US74
CLGY,NA,Cleome gynandra L.,spiderwisp,US74
COBO,LELI3,Leptilon linifolium (Willd.) Small,NA,US74
COBO,LEBO3,Leptilon bonariense (L.) Small,NA,US74
COBO,NA,Conyza bonariensis (L.) Cronquist,asthmaweed,US74
COBO,ERCR11,Erigeron crispus Pourr.,NA,US74
COBO,ERLI2,Erigeron linifolius Willd.,NA,US74
COBO,ERBO4,Erigeron bonariensis L.,NA,US74
COCA5,NA,Conyza canadensis (L.) Cronquist,Canadian horseweed,US74
COCCI,NA,Coccinia Wight & Arn.,coccinia,US74
COCCO,NA,Coccoloba P. Br.,coccoloba,US74
COCI4,EUCI,Eucalyptus citriodora Hook.,NA,US74
COCI4,NA,Corymbia citriodora (Hook.) K.D. Hill & L.A.S,lemonscented gum,US74
COCOS,NA,Cocos L.,coconut palm,US74
CODI5,NA,Commelina diffusa Burm. f.,climbing dayflower,US74
CODIA,NA,Codiaeum Juss.,codiaeum,US74
COFR2,COFR6,Convallaria fruticosa L.,NA,US74
COFR2,NA,Cordyline fruticosa (L.) A. Chev,tiplant,US74
COFR2,COTE12,Cordyline terminalis (L.) Kunth,NA,US74
COFR2,DRTE3,Dracaena terminalis (L.) L.,NA,US74
COFR2,COTET3,Cordyline terminalis (L.) Kunth var. ti (Scho,NA,US74
COGR9,NA,Coccinia grandis (L.) Voigt,ivy gourd,US74
COGR9,COIN14,Coccinia indica Wight & Arn.,NA,US74
COGR9,COCO18,Coccinia cordifolia auct. non (L.) Cogn.,NA,US74
COGR9,BRGR8,Bryonia grandis L.,NA,US74
COMME,NA,Commelina L.,dayflower,US74
CONU,NA,Cocos nucifera L.,coconut palm,US74
CONYZ,NA,Conyza Less.,horseweed,US74
CORDI,NA,Cordia L.,cordia,US74
CORDY2,NA,Cordyline Comm. ex R. Br.,cordyline,US74
CORYM3,NA,Corymbia K.D. Hill & L.A.S. Johnson,corymbia,US74
COSU2,NA,Cordia subcordata Lam.,kou,US74
COUV,POUV3,Polygonum uvifera L.,NA,US74
COUV,NA,Coccoloba uvifera (L.) L.,seagrape,US74
COVA3,COVAP,Codiaeum variegatum (L.) A. Juss. var. pictum,NA,US74
COVA3,NA,Codiaeum variegatum (L.) A. Juss.,garden croton,US74
CRAS6,NA,Crinum asiaticum L.,poisonbulb,US74
CRASS2,NA,Crassocephalum Moench,ragleaf,US74
CRCR9,NA,Crassocephalum crepidioides (Benth.) S. Moore,redflower ragleaf,US74
CRIN5,NA,Crotalaria incana L.,shakeshake,US74
CRINU,NA,Crinum L.,swamplily,US74
CROTA,NA,Crotalaria L.,rattlebox,US74
CRPA10,CRBR18,Crotalaria brownei Bertero ex DC.,NA,US74
CRPA10,NA,Crotalaria pallida Aiton,smooth rattlebox,US74
CUCUM,NA,Cucumis L.,melon,US74
CUCUR,NA,Cucurbita L.,gourd,US74
CUME,CUMED,Cucumis melo L. var. dudaim (L.) Naud.,NA,US74
CUME,NA,Cucumis melo L.,cantaloupe,US74
CUPE,NA,Cucurbita pepo L.,field pumpkin,US74
CUPE3,NA,Cuscuta pentagona Engelm.,fiveangled dodder,US74
CUPEP2,GRCA3,Grammica campestris (Yunck.) Hadac & Chrtek,NA,US74
CUPEP2,CUPEC2,Cuscuta pentagona Engelm. var. calycina,NA,US74
CUPEP2,NA,Cuscuta pentagona Engelm. var. pentagona,fiveangled dodder,US74
CUPEP2,GRPE,Grammica pentagona (Engelm.) W.A. Weber,NA,US74
CUPEP2,CUCA2,Cuscuta campestris Yunck.,NA,US74
CUPEP2,CUAR2,Cuscuta arvensis Bey. ex Engelm.,NA,US74
CUSCU,NA,Cuscuta L.,dodder,US74
CYANT2,NA,Cyanthillium Blume,ironweed,US74
CYCAS,NA,Cycas L.,cycad,US74
CYCI3,NA,Cycas circinalis L.,queen sago,US74
CYCI4,SECI3,Senecioides cinerea (L.) Kuntze ex Britton & ,NA,US74
CYCI4,VECIP2,Vernonia cinerea (L.) Less. var. parviflora (,NA,US74
CYCI4,VECI2,Vernonia cinerea (L.) Less.,NA,US74
CYCI4,NA,Cyanthillium cinereum (L.) H. Rob.,little ironweed,US74
CYCI4,COCI3,Conyza cinerea L.,NA,US74
CYCLO4,NA,Cyclospermum Lag.,marsh parsley,US74
CYDA,CYIN14,Cynodon incompletus auct. non Nees,NA,US74
CYDA,CYAR16,Cynodon aristiglumis Caro & Sánchez,NA,US74
CYDA,PADA,Panicum dactylon L.,NA,US74
CYDA,NA,Cynodon dactylon (L.) Pers.,Bermudagrass,US74
CYDA,CADA5,Capriola dactylon (L.) Kuntze,NA,US74
CYIN6,CYAL2,Cyperus alternifolius auct. non L.,NA,US74
CYIN6,NA,Cyperus involucratus Rottb.,umbrella plant,US74
CYIN6,CYFL8,Cyperus flabelliformis Rottb.,NA,US74
CYIN6,CYALF,Cyperus alternifolius L. ssp. flabelliformis ,NA,US74
CYJA,NA,Cyperus javanicus Houtt.,Javanese flatsedge,US74
CYJA,MAJA5,Mariscus javanicus (Houtt.) Merr. & Metcalfe,NA,US74
CYLE7,APLE2,Apium leptophyllum (Pers.) F. Muell. ex Benth,NA,US74
CYLE7,NA,Cyclospermum leptophyllum (Pers.) Sprague ex ,marsh parsley,US74
CYLE7,APTE,Apium tenuifolium (Moench) Thell. ex Hegi,NA,US74
CYLE7,CYAM5,"Cyclospermum ammi Lag., non Sison ammi L.",NA,US74
CYNOD,NA,Cynodon Rich.,Bermudagrass,US74
CYPER,NA,Cyperus L.,flatsedge,US74
CYPO,NA,Cyperus polystachyos Rottb.,manyspike flatsedge,US74
CYPOP2,PYPO,Pycreus polystachyos (Rottb.) P. Beauv.,NA,US74
CYPOP2,CYPA20,Cyperus paniculatus Rottb.,NA,US74
CYPOP2,CYPOP,Cyperus polystachyos Rottb. var. pallidus Hil,NA,US74
CYPOP2,CYPOP3,Cyperus polystachyos Rottb. var. paniculatus ,NA,US74
CYPOP2,MAPO8,Mariscus polystachyos auct. non A. Rich.,NA,US74
CYPOP2,NA,Cyperus polystachyos Rottb. var. polystachyos,manyspike flatsedge,US74
CYPOP2,CYPOL3,Cyperus polystachyos Rottb. var. leptostachyu,NA,US74
CYPU3,NA,Cyperus pumilus L.,low flatsedge,US74
CYRE11,NA,Cycas revoluta Thunb.,sago palm,US74
CYRO,NA,Cyperus rotundus L.,nutgrass,US74
DAAE,NA,Dactyloctenium aegyptium (L.) Willd.,Egyptian grass,US74
DAAE,CYAE3,Cynosurus aegyptius L.,NA,US74
DACTY2,NA,Dactyloctenium Willd.,crowfoot grass,US74
DEPE4,NA,Desmanthus pernambucanus (L.) Thell.,pigeon bundleflower,US74
DESA81,MEUN,Meibomia uncinata auct. non (Jacq.) Kuntze,NA,US74
DESA81,DEUN,Desmodium uncinatum auct. non (Jacq.) DC.,NA,US74
DESA81,NA,Desmodium sandwicense E. Mey.,Hawai'i ticktrefoil,US74
DESMA,NA,Desmanthus Willd.,bundleflower,US74
DESMO,NA,Desmodium Desv.,ticktrefoil,US74
DEVI3,DEDE3,Desmanthus depressus Humb. & Bonpl. ex Willd.,NA,US74
DEVI3,NA,Desmanthus virgatus (L.) Willd.,wild tantan,US74
DEVI3,ACVI3,Acuan virgatum (L.) Medik.,NA,US74
DEVI3,DEVID,Desmanthus virgatus (L.) Willd. var. depressu,NA,US74
DEVI3,DEVIV,Desmanthus virgatus (L.) Willd. var. virgatus,NA,US74
DEVI3,ACDE8,Acuan depressum (Humb. & Bonpl. ex Willd.) Ku,NA,US74
DIBI,NA,Digitaria bicornis (Lam.) Roem. & Schult.,Asian crabgrass,US74
DIBI,PABI8,Paspalum bicorne Lam.,NA,US74
DIBI,DIDI7,Digitaria diversiflora Swallen,NA,US74
DICI,DISAM2,Digitaria sanguinalis (L.) Scop. var. margina,NA,US74
DICI,DISAR3,Digitaria sanguinalis (L.) Scop. var. rhachis,NA,US74
DICI,DIAD3,Digitaria adscendens (Kunth) Henr.,NA,US74
DICI,PAAD4,Panicum adscendens Kunth,NA,US74
DICI,NA,Digitaria ciliaris (Retz.) Koeler,southern crabgrass,US74
DICI,DISAC,Digitaria sanguinalis (L.) Scop. var. ciliari,NA,US74
DICI,SYMA3,Syntherisma marginata (Link) Nash,NA,US74
DICI,PACI5,Panicum ciliare Retz.,NA,US74
DIEFF,NA,Dieffenbachia Schott,dieffenbachia,US74
DIGA3,NA,Digitaria gaudichaudii (Kunth) Henrard,NA,US74
DIGIT2,NA,Digitaria Haller,crabgrass,US74
DIIN2,TRNU,Trichachne nutans (L.) Baum,NA,US74
DIIN2,TRIN8,Trichachne insularis (L.) Nees,NA,US74
DIIN2,ANIN8,Andropogon insulare L.,NA,US74
DIIN2,VAIN4,Valota insularis (L.) Chase,NA,US74
DIIN2,NA,Digitaria insularis (L.) Mez ex Ekman,sourgrass,US74
DIRA5,NA,Digitaria radicosa (J. Presl) Miq.,trailing crabgrass,US74
DISE6,DIPR,Digitaria pruriens (Fisch. ex Trin.) Büse,NA,US74
DISE6,DIPRM,Digitaria pruriens (Fisch. ex Trin.) Büse var,NA,US74
DISE6,NA,Digitaria setigera Roth ex Roem. & Schult.,East Indian crabgrass,US74
DISE6,DIMI6,Digitaria microbachne (J. Presl) Henr.,NA,US74
DISE7,DIMA12,Dieffenbachia maculata (Lodd.) G. Don,NA,US74
DISE7,DIPI7,Dieffenbachia picta (Lodd.) Schott,NA,US74
DISE7,NA,Dieffenbachia seguine (Jacq.) Schott,dumbcane,US74
DIST,NA,Digitaria stenotaphrodes (Nees ex Steud.) Sta,NA,US74
DRACA,NA,Dracaena L.,dracaena,US74
DRFR2,NA,Dracaena fragrans (L.) Ker Gawl.,fragrant dracaena,US74
DRRE6,NA,Dracaena reflexa Lam.,NA,US74
DRREA,NA,Dracaena reflexa Lam. var. angustifolia Baker,NA,US74
ECCR,PACR4,Panicum crus-galli L.,NA,US74
ECCR,NA,Echinochloa crus-galli (L.) P. Beauv.,barnyardgrass,US74
ECCR,ECCRS,Echinochloa crus-galli (L.) P. Beauv. ssp. sp,NA,US74
ECHIN4,NA,Echinochloa P. Beauv.,cockspur grass,US74
EICHH,NA,Eichhornia Kunth,water hyacinth,US74
EICR,PICR2,Piaropus crassipes (Mart.) Raf.,NA,US74
EICR,EISP,Eichhornia speciosa Kunth,NA,US74
EICR,NA,Eichhornia crassipes (Mart.) Solms,common water hyacinth,US74
ELEUS,NA,Eleusine Gaertn.,goosegrass,US74
ELIN3,CYIN7,Cynosurus indicus L.,NA,US74
ELIN3,NA,Eleusine indica (L.) Gaertn.,Indian goosegrass,US74
EMILI,NA,Emilia Cass.,tasselflower,US74
EMSO,NA,Emilia sonchifolia (L.) DC.,lilac tasselflower,US74
EPIPH,NA,Epiphyllum Haw.,climbing cactus,US74
EPIPR,NA,Epipremnum Schott,tongavine,US74
EPOX,NA,Epiphyllum oxypetalum (DC.) Haw.,Dutchman's pipe cactus,US74
EPPI,PHNE6,Philodendron nechodomii Britton,NA,US74
EPPI,POAU7,Pothos aurea Lindl. & André,NA,US74
EPPI,RHAU3,Rhaphidophora aurea (Lindl. & André) Birdsey,NA,US74
EPPI,EPAU,Epipremnum aureum (Lindl. & André) Bunting,NA,US74
EPPI,NA,Epipremnum pinnatum (L.) Engl.,centipede tongavine,US74
EPPI,SCAU3,Scindapsus aureus (Lindl. & André) Engl.,NA,US74
ERAGR,NA,Eragrostis von Wolf,lovegrass,US74
ERAM7,POTE11,Poa tenella L.,NA,US74
ERAM7,NA,Eragrostis amabilis (L.) Wight & Arn. ex Nees,Japanese lovegrass,US74
ERAM7,ERTE2,Eragrostis tenella (L.) P. Beauv. ex Roem. & ,NA,US74
ERMI5,ERSU80,Eragrostis suaveolens Becker ex Claus,NA,US74
ERMI5,ERER9,"Eragrostis eragrostis (L.) P. Beauv., nom. in",NA,US74
ERMI5,NA,Eragrostis minor Host,little lovegrass,US74
ERMI5,ERPO9,Eragrostis poaeoides P. Beauv. ex Roem. & Sch,NA,US74
ERPA2,ERWH,Eragrostis whitneyi Fosberg,NA,US74
ERPA2,ERFA4,"Eragrostis falcata sensu Hitchc., non Gaudich",NA,US74
ERPA2,ERWHC,Eragrostis whitneyi Fosberg var. caumii,NA,US74
ERPA2,NA,Eragrostis paupera Jedw.,Oahu lovegrass,US74
ERSC,NA,Eragrostis scabriflora Swallen,NA,US74
ERVA,NA,Eragrostis variabilis (Gaudich.) Steud.,kawelu,US74
ERVA,ERNI,Eragrostis niihauensis Whitney,NA,US74
EUCY,EUHA10,Euphorbia havanensis Willd. ex Boiss.,NA,US74
EUCY,EUGR18,Euphorbia graminifolia Michx.,NA,US74
EUCY,POCY5,Poinsettia cyathophora (Murray) Klotzsch & Ga,NA,US74
EUCY,POBA12,Poinsettia barbellata (Engelm.) Small,NA,US74
EUCY,POHA9,Poinsettia havanensis (Willd. ex Boiss.) Smal,NA,US74
EUCY,EUBA12,Euphorbia barbellata Engelm.,NA,US74
EUCY,POCYG,Poinsettia cyathophora (Murray) Klotzsch & Ga,NA,US74
EUCY,EUHEC,Euphorbia heterophylla L. var. cyathophora (M,NA,US74
EUCY,POGR25,Poinsettia graminifolia (Michx.) Millsp.,NA,US74
EUCY,NA,Euphorbia cyathophora Murray,fire on the mountain,US74
EUCY,EUHEG,Euphorbia heterophylla L. var. graminifolia (,NA,US74
EUCY,EUHEB,Euphorbia heterophylla L. var. barbellata (En,NA,US74
EUHE4,EUPR5,Euphorbia prunifolia Jacq.,NA,US74
EUHE4,EUGE5,Euphorbia geniculata Ortega,NA,US74
EUHE4,NA,Euphorbia heterophylla L.,Mexican fireplant,US74
EUHE4,POGE2,Poinsettia geniculata (Ortega) Klotzsch & Gar,NA,US74
EUHE4,POHE11,Poinsettia heterophylla (L.) Klotzsch & Garck,NA,US74
EUPE6,NA,Euphorbia peplus L.,petty spurge,US74
EUPE6,TIPE2,Tithymalus peplus (L.) Hill,NA,US74
EUPE6,GAPE3,Galarhoeus peplus (L.) Rydb.,NA,US74
EUPE9,NA,Eustachys petraea (Sw.) Desv.,pinewoods fingergrass,US74
EUPE9,CHPE8,Chloris petraea Sw.,NA,US74
EUPHO,NA,Euphorbia L.,spurge,US74
EUPU9,POPU10,Poinsettia pulcherrima (Willd. ex Klotzsch) G,NA,US74
EUPU9,NA,Euphorbia pulcherrima Willd. ex Klotzsch,poinsettia,US74
EUSTA,NA,Eustachys Desv.,fingergrass,US74
EUTI,NA,Euphorbia tirucalli L.,Indiantree spurge,US74
FICA,NA,Ficus carica L.,edible fig,US74
FICUS,NA,Ficus L.,fig,US74
FICY,FISP2,Fimbristylis spathacea Roth,NA,US74
FICY,FICYS,Fimbristylis cymosa R. Br. ssp. spathacea (Ro,NA,US74
FICY,FIAT,Fimbristylis atollensis H. St. John,NA,US74
FICY,NA,Fimbristylis cymosa R. Br.,hurricanegrass,US74
FICYC,NA,Fimbristylis cymosa R. Br. ssp. cymosa,tropical fimbry,US74
FICYU,FIPY,Fimbristylis pycnocephala Hillebr.,NA,US74
FICYU,NA,Fimbristylis cymosa R. Br. ssp. umbellatacapi,tropical fimbry,US74
FIDI,NA,Fimbristylis dichotoma (L.) Vahl,forked fimbry,US74
FIDI,FIDI2,Fimbristylis diphylla (Retz.) Vahl,NA,US74
FIDI,SCDI6,Scirpus dichotomus L.,NA,US74
FIMBR,NA,Fimbristylis Vahl,fimbry,US74
FIMI2,NA,Ficus microcarpa L. f.,Chinese banyan,US74
FIMI2,FIRE5,Ficus retusa auct.,NA,US74
FIMIM,NA,Ficus microcarpa L. f. var. microcarpa,NA,US74
FIRU4,NA,Ficus rubiginosa Desf. ex Vent.,Port Jackson fig,US74
GAMOC,NA,Gamochaeta Weddell,everlasting,US74
GAPU3,GNPU2,Gnaphalium purpureum L.,NA,US74
GAPU3,NA,Gamochaeta purpurea (L.) Cabrera,spoonleaf purple everlasting,US74
GOHI,NA,Gossypium hirsutum L.,upland cotton,US74
GOSSY,NA,Gossypium L.,cotton,US74
GUETT,NA,Guettarda L.,guettarda,US74
GUSP3,NA,Guettarda speciosa L.,NA,US74
HAHA3,HAOVH,Halophila ovalis (R. Br.) Hook. f. ssp. hawai,NA,US74
HAHA3,NA,Halophila hawaiiana Doty & B.C. Stone,Hawai'i seagrass,US74
HALOP,NA,Halophila Thouars,seagrass,US74
HEAN8,NA,Heliotropium anomalum Hook. & Arn.,Polynesian heliotrope,US74
HEFO11,MEAR10,Messerschmidia argentea (L. f.) I.M. Johnst.,NA,US74
HEFO11,TOAR2,Tournefortia argentea L. f.,NA,US74
HEFO11,NA,Heliotropium foertherianum Diane & Hilger,velvetleaf soldierbush,US74
HELIO3,NA,Heliotropium L.,heliotrope,US74
HEPR3,NA,Heliotropium procumbens Mill.,fourspike heliotrope,US74
HEPRD,NA,Heliotropium procumbens Mill. var. depressum ,fourspike heliotrope,US74
HIBIS2,NA,Hibiscus L.,rosemallow,US74
HIRO3,NA,Hibiscus rosa-sinensis L.,shoeblackplant,US74
HITI,PAGR2,Pariti grande Britton ex Small,NA,US74
HITI,PATI2,Pariti tiliaceum (L.) A. Juss. ex Britton & M,NA,US74
HITI,TATI,Talipariti tiliaceum (L.) Fryxell,NA,US74
HITI,NA,Hibiscus tiliaceus L.,sea hibiscus,US74
HOMU,NA,Hordeum murinum L.,mouse barley,US74
HORDE,NA,Hordeum L.,barley,US74
HYLI8,NA,Hymenocallis littoralis (Jacq.) Salisb.,beach spiderlily,US74
HYMEN2,NA,Hymenocallis Salisb.,spiderlily,US74
IPBA2,IPFA,Ipomoea fastigiata (Roxb.) Sweet,NA,US74
IPBA2,COTI5,Convolvulus tiliaceus auct. non Willd.,NA,US74
IPBA2,COBA5,Convolvulus batatas L.,NA,US74
IPBA2,IPTR6,Ipomoea triloba auct. non L.,NA,US74
IPBA2,NA,Ipomoea batatas (L.) Lam.,sweetpotato,US74
IPBA2,IPTI,Ipomoea tiliacea auct. non (Willd.) Choisy,NA,US74
IPIN,IPCO6,Ipomoea congesta R. Br.,NA,US74
IPIN,IPMU6,Ipomoea mutabilis Lindl.,NA,US74
IPIN,PHCA21,Pharbitis cathartica (Poir.) Choisy,NA,US74
IPIN,IPAC,Ipomoea acuminata (Vahl) Roem. & Schult.,NA,US74
IPIN,IPCA9,Ipomoea cathartica Poir.,NA,US74
IPIN,NA,Ipomoea indica (Burm. f.) Merr.,oceanblue morning-glory,US74
IPIN,IPINA,Ipomoea indica (Burm. f.) Merr. var. acuminat,NA,US74
IPOMO,NA,Ipomoea L.,morning-glory,US74
IPPE,NA,Ipomoea pes-caprae (L.) R. Br.,bayhops,US74
IPPEB,IPBR,Ipomoea brasiliensis (L.) Sweet,NA,US74
IPPEB,NA,Ipomoea pes-caprae (L.) R. Br. ssp. brasilien,Brazilian bayhops,US74
IPPEB,IPPEE,Ipomoea pes-caprae (L.) R. Br. var. emarginat,NA,US74
IPTR2,NA,Ipomoea triloba L.,littlebell,US74
IPVI,CATU8,Calonyction tuba (Schltdl.) Colla,NA,US74
IPVI,IPTU5,Ipomoea tuba (Schltdl.) G. Don,NA,US74
IPVI,IPMA3,Ipomoea macrantha Roem. & Schult.,NA,US74
IPVI,NA,Ipomoea violacea L.,beach moonflower,US74
KADE,KAVE,Kalanchoe verticillata Elliott,NA,US74
KADE,NA,Kalanchoe delagoensis Eckl. & Zeyh.,chandelier plant,US74
KADE,KATU,Kalanchoe tubiflora (Harv.) Raym.-Hamet,NA,US74
KADE,BRTU,Bryophyllum tubiflorum Harv.,NA,US74
KALAN,NA,Kalanchoe Adans.,widow's-thrill,US74
KAPI,COPI4,Cotyledon pinnata Lam.,NA,US74
KAPI,BRPI6,Bryophyllum pinnatum (Lam.) Oken,NA,US74
KAPI,NA,Kalanchoe pinnata (Lam.) Pers.,cathedral bells,US74
LACA2,LACAM,Lantana camara L. var. mista (L.) L.H. Bailey,NA,US74
LACA2,LACAS,Lantana camara L. var. sanguinea (Medik.) L.H,NA,US74
LACA2,LACAA,Lantana camara L. var. aculeata (L.) Moldenke,NA,US74
LACA2,LATI4,Lantana tiliifolia auct. non Cham.,NA,US74
LACA2,LAST,Lantana strigocamara R.W. Sanders,NA,US74
LACA2,LACAF,Lantana camara L. var. flava (Medik.) Moldenk,NA,US74
LACA2,LACAH,Lantana camara L. var. hybrida (Neubert) Mold,NA,US74
LACA2,LACAM2,Lantana camara L. var. mutabilis (Hook.) L.H.,NA,US74
LACA2,LAAC3,Lantana aculeata L.,NA,US74
LACA2,LACAN,Lantana camara L. var. nivea (Vent.) L.H. Bai,NA,US74
LACA2,NA,Lantana camara L.,lantana,US74
LACTU,NA,Lactuca L.,lettuce,US74
LAIN4,URIN,Urtica interrupta L.,NA,US74
LAIN4,NA,Laportea interrupta (L.) Chew,Hawai'i woodnettle,US74
LANTA,NA,Lantana L.,lantana,US74
LAPOR,NA,Laportea Gaudich.,laportea,US74
LARU4,NA,Laportea ruderalis (G. Forst.) Chew,NA,US74
LASA3,NA,Lactuca sativa L.,garden lettuce,US74
LASA3,LASCI,Lactuca scariola L. var. integrata Gren. & Go,NA,US74
LASA3,LASCI2,Lactuca scariola L. var. integrifolia (Bogenh,NA,US74
LEBI,NA,Lepidium bidentatum Morton,Kunana pepperwort,US74
LEBIO,LEOW,Lepidium owaihiense Cham. & Schltdl.,NA,US74
LEBIO,NA,Lepidium bidentatum Morton var. owaihiense (C,Kunana pepperwort,US74
LEFU21,DIFU7,Diplachne fusca (L.) P. Beauv. ex Roem. & Sch,NA,US74
LEFU21,NA,Leptochloa fusca (L.) Kunth,Malabar sprangletop,US74
LELE10,NA,Leucaena leucocephala (Lam.) de Wit,white leadtree,US74
LEPID,NA,Lepidium L.,pepperweed,US74
LEPTO,NA,Leptochloa P. Beauv.,sprangletop,US74
LEPTU,NA,Lepturus R. Br.,thintail,US74
LERE,LEREO,Lepturus repens (G. Forst.) R. Br. var. occid,NA,US74
LERE,RORE5,Rottboellia repens G. Forst.,NA,US74
LERE,NA,Lepturus repens (G. Forst.) R. Br.,Pacific Island thintail,US74
LERE,LECI3,Lepturus cinereus Burcham,NA,US74
LERE,LERES,Lepturus repens (G. Forst.) R. Br. var. subul,NA,US74
LERE,LEREC,Lepturus repens (G. Forst.) R. Br. var. ciner,NA,US74
LEUCA,NA,Leucaena Benth.,leadtree,US74
LEVI3,NA,Lepidium virginicum L.,Virginia pepperweed,US74
LUDWI,NA,Ludwigia L.,primrose-willow,US74
LUOC,NA,Ludwigia octovalvis (Jacq.) P.H. Raven,Mexican primrose-willow,US74
MAAR14,NA,Malvaviscus arboreus Dill. ex Cav.,wax mallow,US74
MACO6,MACO24,Malva coromandeliana L.,NA,US74
MACO6,NA,Malvastrum coromandelianum (L.) Garcke,threelobe false mallow,US74
MACOC4,NA,Malvastrum coromandelianum (L.) Garcke ssp. c,NA,US74
MAIN3,NA,Mangifera indica L.,mango,US74
MALVA,NA,Malva L.,mallow,US74
MALVA2,NA,Malvastrum A. Gray,false mallow,US74
MALVA3,NA,Malvaviscus Fabr.,wax mallow,US74
MANGI,NA,Mangifera L.,mango,US74
MANIL,NA,Manilkara Adans.,manilkara,US74
MAPA5,NA,Malva parviflora L.,cheeseweed mallow,US74
MAZA,CAMA49,Calocarpum mammosum Pierre,NA,US74
MAZA,NA,Manilkara zapota (L.) P. Royen,sapodilla,US74
MAZA,LUMA15,Lucuma mammosa C.F. Gaertn.,NA,US74
MAZA,ACMA8,"Achras mammosa L., nom. illeg.",NA,US74
MAZA,SAAC4,Sapota achras Mill.,NA,US74
MAZA,ACZA2,Achras zapota L.,NA,US74
MAZA,MAZA2,Manilkara zapotilla (Jacq.) Gilly,NA,US74
MAZA,MAAC4,Manilkara achras (Mill.) Fosb.,NA,US74
MEDIC,NA,Medicago L.,alfalfa,US74
MEIN2,MEIN14,"Melilotus indica (L.) All., orth. var.",NA,US74
MEIN2,NA,Melilotus indicus (L.) All.,annual yellow sweetclover,US74
MELIL,NA,Melilotus Mill.,sweetclover,US74
MELIN,NA,Melinis P. Beauv.,stinkgrass,US74
MELU,NA,Medicago lupulina L.,black medick,US74
MELU,MELUG,Medicago lupulina L. var. glandulosa Neilr.,NA,US74
MELU,MELUC,Medicago lupulina L. var. cupaniana (Guss.) B,NA,US74
MEOF,MELE6,Melilotus leucanthus W.D.J. Koch ex DC.,NA,US74
MEOF,NA,Melilotus officinalis (L.) Lam.,sweetclover,US74
MEOF,MEALA2,Melilotus albus Medik. var. annuus Coe,NA,US74
MEOF,MEAL2,Melilotus albus Medik.,NA,US74
MEOF,MEAL12,"Melilotus alba Medikus, orth. var.",NA,US74
MEOF,MELU6,Melilotus lutea Gueldenst.,NA,US74
MEOF,MEOFM2,Melilotus officinalis (L.) Lam. var. micranth,NA,US74
MEOF,MEAR15,Melilotus arvensis Wallr.,NA,US74
MEPO3,MEPOV,Medicago polymorpha L. var. vulgaris (Benth.),NA,US74
MEPO3,MEHIC,Medicago hispida Gaertn. var. confinis (W.D.J,NA,US74
MEPO3,MEAP3,Medicago apiculata auct. non Willd.,NA,US74
MEPO3,NA,Medicago polymorpha L.,burclover,US74
MEPO3,MEHI,Medicago hispida Gaertn.,NA,US74
MEPO3,MEPOA2,Medicago polymorpha L. f. apiculata (Willd.) ,NA,US74
MEPO3,MEPOT,Medicago polymorpha L. var. tricycla (Gren. &,NA,US74
MEPO3,MEHIA,Medicago hispida Gaertn. var. apiculata (Will,NA,US74
MEPO3,MEPO8,Medicago polycarpa Willd.,NA,US74
MEPO3,MEPOB,Medicago polymorpha L. var. brevispina (Benth,NA,US74
MEPO3,MEPOP7,Medicago polymorpha L. var. polygyra (Urb.) S,NA,US74
MEPO3,MEDE13,Medicago denticulata Willd.,NA,US74
MEPO3,MEPOC,Medicago polymorpha L. var. ciliaris (Ser.) S,NA,US74
MERE9,TRRO7,Tricholaena rosea Nees,NA,US74
MERE9,RHRO2,Rhynchelytrum roseum (Nees) Stapf & C.E. Hubb,NA,US74
MERE9,NA,Melinis repens (Willd.) Zizka,rose Natal grass,US74
MERE9,RHRE2,Rhynchelytrum repens (Willd.) C.E. Hubbard,NA,US74
MERE9,TRRE8,Tricholaena repens (Willd.) Hitchc.,NA,US74
MERE9,SARE13,Saccharum repens Willd.,NA,US74
MIJA,NA,Mirabilis jalapa L.,marvel of Peru,US74
MIJA,MIJAL,Mirabilis jalapa L. ssp. lindheimeri Standl.,NA,US74
MIJA,MILI2,Mirabilis lindheimeri (Standl.) Shinners,NA,US74
MIRAB,NA,Mirabilis L.,four o'clock,US74
MOCH2,NA,Momordica charantia L.,balsampear,US74
MOMOR,NA,Momordica L.,momordica,US74
NAMA4,NA,Nama L.,fiddleleaf,US74
NASA,NASAL,Nama sandwicense A. Gray var. laysanicum Bran,NA,US74
NASA,NA,Nama sandwicense A. Gray,hinahina kahakai,US74
NEHI,NA,Nephrolepis hirsutula (J.R. Forst.) C. Presl,scaly swordfern,US74
NEISO,NA,Neisosperma Raf.,neisosperma,US74
NEMU,NA,Nephrolepis multiflora (Roxb.) Jarrett ex Mor,Asian swordfern,US74
NEMU,NEBR6,Nephrolepis brownii (Desv.) Hovenkamp & Miyam,NA,US74
NEOL,NA,Nerium oleander L.,oleander,US74
NEOP,OCOP,Ochrosia oppositifolia (Lam.) K. Schum.,NA,US74
NEOP,NA,Neisosperma oppositifolia (Lam.) Fosberg & Sa,neisosperma,US74
NEPHR,NA,Nephrolepis Schott,swordfern,US74
NERIU,NA,Nerium L.,oleander,US74
NICOT,NA,Nicotiana L.,tobacco,US74
NIGL,NA,Nicotiana glauca Graham,tree tobacco,US74
NITA,NA,Nicotiana tabacum L.,cultivated tobacco,US74
ODCA2,NA,Odontonema callistachyum (Schltdl. & Cham.) K,NA,US74
ODONT5,NA,Odontonema Nees,toothedthread,US74
OELA,NA,Oenothera laciniata Hill,cutleaf evening primrose,US74
OELA,RALA6,Raimannia laciniata (Hill) Rose,NA,US74
OENOT,NA,Oenothera L.,evening primrose,US74
OENOT,GAURA,Gaura L.,NA,US74
OXALI,NA,Oxalis L.,woodsorrel,US74
OXCO,OXCOM3,Oxalis corniculata L. var. minor Laing,NA,US74
OXCO,XACO2,Xanthoxalis corniculata (L.) Small,NA,US74
OXCO,XALA,Xanthoxalis langloisii Small,NA,US74
OXCO,ACCO7,Acetosella corniculata (L.) Kuntze,NA,US74
OXCO,OXCOR,Oxalis corniculata L. var. reptans Laing,NA,US74
OXCO,XACOA,Xanthoxalis corniculata (L.) Small var. atrop,NA,US74
OXCO,OXCOV2,Oxalis corniculata L. var. viscidula Wiegand,NA,US74
OXCO,OXCOM,Oxalis corniculata L. var. macrophylla Arsene,NA,US74
OXCO,OXCOL2,Oxalis corniculata L. var. langloisii (Small),NA,US74
OXCO,OXLA9,Oxalis langloisii (Small) Fedde,NA,US74
OXCO,OXCOV,Oxalis corniculata L. var. villosa (M. Bieb.),NA,US74
OXCO,OXRE,Oxalis repens Thunb.,NA,US74
OXCO,NA,Oxalis corniculata L.,creeping woodsorrel,US74
OXCO,XARE,Xanthoxalis repens (Thunb.) Moldenke,NA,US74
OXCO,OXCOA,Oxalis corniculata L. var. atropurpurea Planc,NA,US74
OXCO,OXPU4,Oxalis pusilla Salisb.,NA,US74
OXCO,OXVI5,Oxalis villosa M. Bieb.,NA,US74
OXCO,OXCOC,Oxalis corniculata L. var. corniculata,NA,US74
OXCO,OXCOL,Oxalis corniculata L. var. lupulina (R. Knuth,NA,US74
OXDE3,NA,Oxalis debilis Kunth,pink woodsorrel,US74
OXDEC,NA,Oxalis debilis Kunth var. corymbosa (DC.) Lou,pink woodsorrel,US74
OXDEC,OXCO9,Oxalis corymbosa DC.,NA,US74
PADI3,NA,Paspalum dilatatum Poir.,dallisgrass,US74
PADI6,PADII2,Paspalum distichum L. var. indutum Shinners,NA,US74
PADI6,PAPA24,Paspalum paspaloides (Michx.) Scribn.,NA,US74
PADI6,DIPA14,Digitaria paspaloides Michx.,NA,US74
PADI6,NA,Paspalum distichum L.,knotgrass,US74
PAFI5,NA,Paspalum fimbriatum Kunth,Panama crowngrass,US74
PAFO2,NA,Passiflora foetida L.,fetid passionflower,US74
PAFOH,NA,Passiflora foetida L. var. hispida (DC. ex Tr,scarletfruit passionflower,US74
PANDA,NA,Pandanus L. f.,screwpine,US74
PASC6,PAOR3,Paspalum orbiculare G. Forst.,NA,US74
PASC6,PAORO,Paspalum orbiculare G. Forst. var. orbiculare,NA,US74
PASC6,NA,Paspalum scrobiculatum L.,kodomillet,US74
PASE5,PACIS,Paspalum ciliatifolium Michx. var. stramineum,NA,US74
PASE5,PASE4,Paspalum separatum Shinners,NA,US74
PASE5,PASEL,Paspalum setaceum Michx. var. longepedunculat,NA,US74
PASE5,PABU3,Paspalum bushii Nash,NA,US74
PASE5,PASU5,Paspalum supinum Bosc ex Poir.,NA,US74
PASE5,PASEM,Paspalum setaceum Michx. var. muehlenbergii (,NA,US74
PASE5,PAPS2,Paspalum psammophilum Nash,NA,US74
PASE5,NA,Paspalum setaceum Michx.,thin paspalum,US74
PASE5,PASEC,Paspalum setaceum Michx. var. calvescens Fern,NA,US74
PASE5,PAPU8,Paspalum pubescens Muhl. ex Willd.,NA,US74
PASE5,PASES,Paspalum setaceum Michx. var. stramineum (Nas,NA,US74
PASE5,PASEV,Paspalum setaceum Michx. var. villosissimum (,NA,US74
PASE5,PACI6,Paspalum ciliatifolium Michx.,NA,US74
PASE5,PAPR8,Paspalum propinquum Nash,NA,US74
PASE5,PARI6,Paspalum rigidifolium Nash,NA,US74
PASE5,PASER,Paspalum setaceum Michx. var. rigidifolium (N,NA,US74
PASE5,PAMU8,Paspalum muehlenbergii Nash,NA,US74
PASE5,PASES2,Paspalum setaceum Michx. var. supinum (Bosc e,NA,US74
PASE5,PALO5,Paspalum longepedunculatum Leconte,NA,US74
PASE5,PAST7,Paspalum stramineum Nash,NA,US74
PASE5,PASEP,Paspalum setaceum Michx. var. psammophilum (N,NA,US74
PASE5,PACIM,Paspalum ciliatifolium Michx. var. muehlenber,NA,US74
PASE5,PADE13,Paspalum debile Michx.,NA,US74
PASE5,PASEC2,Paspalum setaceum Michx. var. ciliatifolium (,NA,US74
PASPA2,NA,Paspalum L.,crowngrass,US74
PASSI,NA,Passiflora L.,passionflower,US74
PATE2,PAODO,Pandanus odoratissimus L. f. var. oahuensis M,NA,US74
PATE2,PATEL,Pandanus tectorius Parkinson ex Zucc. var. la,NA,US74
PATE2,PACH5,Pandanus chamissonis Gaudich.,NA,US74
PATE2,PAME3,Pandanus menziesii Gaudich.,NA,US74
PATE2,PAOD,Pandanus odoratissimus auct. non L. f.,NA,US74
PATE2,NA,Pandanus tectorius Parkinson ex Zucc.,Tahitian screwpine,US74
PATE2,PADO,Pandanus douglasii Gaudich.,NA,US74
PATE2,PATES,Pandanus tectorius Parkinson ex Zucc. var. sa,NA,US74
PATE2,PATEM2,Pandanus tectorius Parkinson ex Zucc. var. me,NA,US74
PATE2,PATED,Pandanus tectorius Parkinson ex Zucc. var. do,NA,US74
PATE2,PATEO,Pandanus tectorius Parkinson ex Zucc. var. oa,NA,US74
PATE2,PATEC,Pandanus tectorius Parkinson ex Zucc. var. ch,NA,US74
PATE2,PAODL,Pandanus odoratissimus L. f. var. laevigatus ,NA,US74
PAUR2,NA,Paspalum urvillei Steud.,Vasey's grass,US74
PAUR2,PALA26,Paspalum larranagai Arechav.,NA,US74
PAVA,NA,Paspalum vaginatum Sw.,seashore paspalum,US74
PEAC6,NA,Pemphis acidula J.R. Forst. & G. Forst.,NA,US74
PECI,CECI,Cenchrus ciliaris L.,NA,US74
PECI,PECIC,Pennisetum ciliare (L.) Link var. ciliare,NA,US74
PECI,NA,Pennisetum ciliare (L.) Link,buffelgrass,US74
PECR2,APPE,Apium petroselinum L.,NA,US74
PECR2,NA,Petroselinum crispum (Mill.) Nyman ex A.W. Hi,parsley,US74
PECR2,PESA17,Petroselinum sativum Hoffm.,NA,US74
PECR2,PEVU4,Petroselinum vulgare Lagasca,NA,US74
PECR2,CAPE33,Carum petroselinum (L.) Benth. & Hook. f.,NA,US74
PECR2,PEHO6,Petroselinum hortense Hoffm.,NA,US74
PEDIL,NA,Pedilanthus Neck. ex Poit.,pedilanthus,US74
PEMPH,NA,Pemphis J.R. Forst. & G. Forst.,NA,US74
PENNI,NA,Pennisetum Rich. ex Pers.,fountaingrass,US74
PEPO14,NA,Pennisetum polystachion (L.) Schult.,mission grass,US74
PEPO14,PEPO4,"Pennisetum polystachyon (L.) Schult., orth. v",NA,US74
PEPO14,CEPO9,Cenchrus polystachios (L.) Morrone,NA,US74
PETI,NA,Pedilanthus tithymaloides (L.) Poit.,redbird flower,US74
PETRO6,NA,Petroselinum J. Hill,parsley,US74
PHAM5,NA,Phyllanthus amarus Schumach. & Thonn.,carry me seed,US74
PHASE,NA,Phaseolus L.,bean,US74
PHAU6,NA,Phlebodium aureum (L.) J. Sm.,golden polypody,US74
PHAU6,POAU6,Polypodium aureum L.,NA,US74
PHCO6,PHMU7,Phaseolus multiflorus Lam.,NA,US74
PHCO6,NA,Phaseolus coccineus L.,scarlet runner,US74
PHHE17,NA,Philodendron hederaceum (Jacq.) Schott,vilevine,US74
PHHEO,PHOX,Philodendron oxycardium Schott,NA,US74
PHHEO,PHSCO,Philodendron scandens K. Koch & Sello ssp. ox,NA,US74
PHHEO,NA,Philodendron hederaceum (Jacq.) Schott var. o,heartleaf philodendron,US74
PHILO,NA,Philodendron Schott,philodendron,US74
PHLEB,NA,Phlebodium (R. Br.) J. Sm.,golden polypody,US74
PHNO2,PHNOR,Phyla nodiflora (L.) Greene var. reptans (Kun,NA,US74
PHNO2,LINO2,Lippia nodiflora (L.) Michx.,NA,US74
PHNO2,PHNOR2,Phyla nodiflora (L.) Greene var. repens (Spre,NA,US74
PHNO2,LIRE9,Lippia reptans Kunth,NA,US74
PHNO2,PHNOR3,Phyla nodiflora (L.) Greene var. rosea (D. Do,NA,US74
PHNO2,PHNOL,Phyla nodiflora (L.) Greene var. longifolia M,NA,US74
PHNO2,PHNOI,Phyla nodiflora (L.) Greene var. incisa (Smal,NA,US74
PHNO2,LINOR,Lippia nodiflora (L.) Michx. var. reptans (Ku,NA,US74
PHNO2,PHIN6,Phyla incisa Small,NA,US74
PHNO2,NA,Phyla nodiflora (L.) Greene,turkey tangle fogfruit,US74
PHNO2,LIIN6,Lippia incisa (Small) Tidestr.,NA,US74
PHNO2,PHNON3,Phyla nodiflora (L.) Greene var. nodiflora,NA,US74
PHSC14,MISC2,Microsorum scolopendria (Burm. f.) Copeland,NA,US74
PHSC14,NA,Phymatosorus scolopendria (Burm. f.) Pic. Ser,monarch fern,US74
PHSC14,POSC7,Polypodium scolopendria Burm. f.,NA,US74
PHSC14,PHSC7,Phymatodes scolopendria (Burm. f.) Ching,NA,US74
PHSC14,PHSC12,Phymatosaurus scolopendria (Burm. f.) Pic. Se,NA,US74
PHSC14,POPH5,Polypodium phymatodes L.,NA,US74
PHUN3,NA,Philodendron undulatum Engl.,NA,US74
PHVA5,NA,Phyllostegia variabilis Bitter,coastal phyllostegia,US74
PHVU,NA,Phaseolus vulgaris L.,kidney bean,US74
PHVU,PHVUH,Phaseolus vulgaris L. var. humilis Alef.,NA,US74
PHYLA,NA,Phyla Lour.,fogfruit,US74
PHYLL,NA,Phyllanthus L.,leafflower,US74
PHYLL5,NA,Phyllostegia Benth.,phyllostegia,US74
PHYMA3,NA,Phymatosorus Pic. Serm.,phymatosaurus,US74
PHYMA3,PHYMA,"Phymatosaurus Pic. Serm., orth. var.",NA,US74
PIDU,NA,Pithecellobium dulce (Roxb.) Benth.,monkeypod,US74
PIGR6,NA,Pisonia grandis R. Br.,grand devil's-claws,US74
PILEA,NA,Pilea Lindl.,clearweed,US74
PIMI2,PAMI11,Parietaria microphylla L.,NA,US74
PIMI2,NA,Pilea microphylla (L.) Liebm.,rockweed,US74
PISON,NA,Pisonia L.,catchbirdtree,US74
PITHE,NA,Pithecellobium Mart.,blackbead,US74
PLANT,NA,Plantago L.,plantain,US74
PLCA10,PLSY,"Pluchea symphytifolia auct. non Gillis, non C",NA,US74
PLCA10,COCO24,Conyza cortesii Kunth,NA,US74
PLCA10,PLCO9,Pluchea cortesii (Kunth) DC.,NA,US74
PLCA10,NA,Pluchea carolinensis (Jacq.) G. Don,cure for all,US74
PLCA10,COCA22,Conyza carolinensis Jacq.,NA,US74
PLCA10,PLOD2,Pluchea odorata auct. non (L.) Cass.,NA,US74
PLIN4,NA,Pluchea indica (L.) Less.,Indian camphorweed,US74
PLLA,NA,Plantago lanceolata L.,narrowleaf plantain,US74
PLLA,PLLAS,Plantago lanceolata L. var. sphaerostachya Me,NA,US74
PLLA,PLAL3,Plantago altissima auct. non L.,NA,US74
PLMA2,PLMAI,Plantago major L. var. intermedia (DC.) Pilg.,NA,US74
PLMA2,PLMAI2,Plantago major L. ssp. intermedia (DC.) Arcan,NA,US74
PLMA2,PLAS3,Plantago asiatica auct. non L.,NA,US74
PLMA2,PLMAA,Plantago major L. var. asiatica auct. non (L.,NA,US74
PLMA2,PLMAS,Plantago major L. var. scopulorum Fr. & Brobe,NA,US74
PLMA2,PLHA5,Plantago halophila E.P. Bicknell,NA,US74
PLMA2,PLMAP2,Plantago major L. var. pilgeri Domin,NA,US74
PLMA2,PLMAP,Plantago major L. var. pachyphylla Pilg.,NA,US74
PLMA2,NA,Plantago major L.,common plantain,US74
PLMA2,PLIN15,Plantago intermedia Gilib.,NA,US74
PLOB2,NA,Plumeria obtusa L.,Singapore graveyard flower,US74
PLOD,NA,Pluchea odorata (L.) Cass.,sweetscent,US74
PLODO,PLPU2,Pluchea purpurascens (Sw.) DC.,NA,US74
PLODO,COOD2,Conyza odorata L.,NA,US74
PLODO,NA,Pluchea odorata (L.) Cass. var. odorata,sweetscent,US74
PLUCH,NA,Pluchea Cass.,camphorweed,US74
PLUME,NA,Plumeria L.,plumeria,US74
POA,NA,Poa L.,bluegrass,US74
POAN,POANA,Poa annua L. var. aquatica Asch.,NA,US74
POAN,POANR,Poa annua L. var. reptans Hausskn.,NA,US74
POAN,NA,Poa annua L.,annual bluegrass,US74
POAU13,NA,Portulaca australis Endl.,NA,US74
POGU,NA,Polyscias guilfoylei (W. Bull) L.H. Bailey,geranium aralia,US74
POIN7,NA,Polypogon interruptus Kunth,ditch rabbitsfoot grass,US74
POIN7,POLU5,Polypogon lutosus auct. non (Poir.) Hitchc.,NA,US74
POLU2,NA,Portulaca lutea Sol. ex G. Forst.,native yellow purslane,US74
POLYP2,NA,Polypogon Desf.,rabbitsfoot grass,US74
POLYS4,NA,Polyscias J.R. Forst. & G. Forst.,aralia,US74
POMO5,ALMO6,Alopecurus monspeliensis L.,NA,US74
POMO5,NA,Polypogon monspeliensis (L.) Desf.,annual rabbitsfoot grass,US74
POOL,NA,Portulaca oleracea L.,little hogweed,US74
POOL,POOLN2,Portulaca oleracea L. ssp. nitida Danin & Bak,NA,US74
POOL,POOLN,Portulaca oleracea L. ssp. nicaraguensis Dani,NA,US74
POOL,POOLI,Portulaca oleracea L. ssp. impolita Danin & B,NA,US74
POOL,POOLP,Portulaca oleracea L. ssp. papillatostellulat,NA,US74
POOL,POOLG,Portulaca oleracea L. ssp. granulatostellulat,NA,US74
POOL,POOLO,Portulaca oleracea L. var. oleracea,NA,US74
POOL,PONE6,Portulaca neglecta Mack. & Bush,NA,US74
POOL,POOLP2,Portulaca oleracea L. var. parvifolia (Haw.) ,NA,US74
POOL,PORE4,Portulaca retusa Engelm.,NA,US74
POOL,POOLS,Portulaca oleracea L. ssp. stellata Danin & B,NA,US74
POPI3,NA,Portulaca pilosa L.,kiss me quick,US74
POPI3,POCY2,Portulaca cyanosperma Engl.,NA,US74
POPI3,POMU2,Portulaca mundula I.M. Johnst.,NA,US74
PORTU,NA,Portulaca L.,purslane,US74
PROSO,NA,Prosopis L.,mesquite,US74
PRPA4,PRLI,Prosopis limensis Benth.,NA,US74
PRPA4,NA,Prosopis pallida (Humb. & Bonpl. ex Willd.) K,kiawe,US74
PSCA16,NA,Pseuderanthemum carruthersii (Seem.) Guillaum,Carruthers' falseface,US74
PSCAC3,NA,Pseuderanthemum carruthersii (Seem.) Guillaum,NA,US74
PSEUD21,NA,Pseuderanthemum Radlk.,pseuderanthemum,US74
PSEUD43,NA,Pseudognaphalium Kirp.,cudweed,US74
PSGU,NA,Psidium guajava L.,guava,US74
PSIDI,NA,Psidium L.,guava,US74
PSILO4,NA,Psilotum Sw.,whisk fern,US74
PSNU,NA,Psilotum nudum (L.) P. Beauv.,whisk fern,US74
PSSA8,NA,Pseudognaphalium sandwicensium (Gaudich.) And,'ena'ena,US74
PSSAS4,PSSAS2,Pseudognaphalium sandwicensium (Gaudich.) And,NA,US74
PSSAS4,NA,Pseudognaphalium sandwicensium (Gaudich.) And,'ena'ena,US74
PSSAS4,GNSAL,Gnaphalium sandwicensium Gaudich. var. lineat,NA,US74
PSSAS4,GNSA,Gnaphalium sandwicensium Gaudich.,NA,US74
PSSAS4,GNSAF,Gnaphalium sandwicensium Gaudich. var. flagel,NA,US74
RAPHA,NA,Raphanus L.,radish,US74
RASA2,RARAS,Raphanus raphanistrum L. var. sativus (L.) G.,NA,US74
RASA2,RASAS2,Raphanus sativus L. var. sativus,NA,US74
RASA2,NA,Raphanus sativus L.,cultivated radish,US74
RASA2,RASAL,Raphanus sativus L. var. longipinnatus L.H. B,NA,US74
RICIN,NA,Ricinus L.,ricinus,US74
RICO3,NA,Ricinus communis L.,castorbean,US74
RUCA19,RUTW,Ruellia tweediana auct. non Griseb.,NA,US74
RUCA19,NA,Ruellia caerulea Morong,Britton's wild petunia,US74
RUCA19,RUSI7,Ruellia simplex C. Wright,NA,US74
RUCA19,RUMA18,"Ruellia malacosperma sensu Small, non Greenm.",NA,US74
RUCA19,RUBR,Ruellia brittoniana Leonard,NA,US74
RUELL,NA,Ruellia L.,wild petunia,US74
SAGIN,NA,Sagina L.,pearlwort,US74
SAJA2,NA,Sagina japonica (Sw.) Ohwi,Japanese pearlwort,US74
SANSE,NA,Sansevieria Thunb.,sansevieria,US74
SATR6,NA,Sansevieria trifasciata hort. ex Prain,viper's bowstring hemp,US74
SCAC2,BRAC2,Brassaia actinophylla Endl.,NA,US74
SCAC2,NA,Schefflera actinophylla (Endl.) Harms,octopus tree,US74
SCAEV,NA,Scaevola L.,naupaka,US74
SCCO10,ANCO15,Andropogon condensatus Kunth,NA,US74
SCCO10,NA,Schizachyrium condensatum (Kunth) Nees,Colombian bluestem,US74
SCHEF,NA,Schefflera J.R. Forst. & G. Forst.,schefflera,US74
SCHIN,NA,Schinus L.,peppertree,US74
SCHIZ4,NA,Schizachyrium Nees,little bluestem,US74
SCLER2,NA,Scleria P.J. Bergius,nutrush,US74
SCPU15,NA,Scleria purpurascens Steud.,NA,US74
SCSE6,NA,Scaevola sericea Vahl,beach naupaka,US74
SCSET,NA,Scaevola sericea Vahl var. taccada (Gaertn.) ,beach naupaka,US74
SCSET,SCTA,Scaevola taccada (Gaertn.) Roxb.,NA,US74
SCTE,NA,Schinus terebinthifolius Raddi,Brazilian peppertree,US74
SCTE,SCTE16,"Schinus terebinthifolia Raddi, orth. var.",NA,US74
SEGR5,NA,Sesbania grandiflora (L.) Poir.,vegetable hummingbird,US74
SEGR5,AGGR9,Agati grandiflora (L.) Desv.,NA,US74
SEMPE,NA,Sempervivum L.,houseleek,US74
SEPO2,NA,Sesuvium portulacastrum (L.) L.,shoreline seapurslane,US74
SEPO2,POPO19,Portulaca portulacastrum L.,NA,US74
SEPOG,NA,Sesuvium portulacastrum (L.) L. var. griseum ,NA,US74
SEPOP,NA,Sesuvium portulacastrum (L.) L. var. portulac,shoreline seapurslane,US74
SEPU8,NA,Setaria pumila (Poir.) Roem. & Schult.,yellow foxtail,US74
SESBA,NA,Sesbania Scop.,riverhemp,US74
SESUV,NA,Sesuvium L.,seapurslane,US74
SETAR,NA,Setaria P. Beauv.,bristlegrass,US74
SETE5,NA,Sempervivum tectorum L.,common houseleek,US74
SEVE3,SECA3,Setaria carnei Hitchc.,NA,US74
SEVE3,PAVE5,Panicum verticillatum L.,NA,US74
SEVE3,NA,Setaria verticillata (L.) P. Beauv.,hooked bristlegrass,US74
SEVE3,CHVE7,Chaetochloa verticillata (L.) Scribn.,NA,US74
SICO,NA,Sida cordifolia L.,‘ilima,US74
SIDA,NA,Sida L.,fanpetals,US74
SIFA,SINE4,Sida nelsonii H. St. John,NA,US74
SIFA,SIFAK,Sida fallax Walp. var. kauaiensis Hochr.,NA,US74
SIFA,NA,Sida fallax Walp.,yellow ‘ilima,US74
SIFA,SILE3,Sida ledyardii H. St. John,NA,US74
SIFA,SIME2,Sida meyeniana Walp.,NA,US74
SIRH,NA,Sida rhombifolia L.,Cuban jute,US74
SOAM,SOFI4,Solanum fistulosum Dunal ex Poir.,NA,US74
SOAM,SOCA17,Solanum caribaeum Dunal,NA,US74
SOAM,SOLI3,Solanum linnaeanum Hepper & P.-M. L. Jaeger,NA,US74
SOAM,SOSO4,"Solanum sodomeum L., nom. utique rej.",NA,US74
SOAM,SOAMN,Solanum americanum Mill. var. nodiflorum (Jac,NA,US74
SOAM,SOHE3,Solanum hermannii Dunal,NA,US74
SOAM,SOAMP,Solanum americanum Mill. var. patulum (L.) Ed,NA,US74
SOAM,NA,Solanum americanum Mill.,American black nightshade,US74
SOAM,SONIV3,Solanum nigrum L. var. virginicum,NA,US74
SOAM,SONO3,Solanum nodiflorum Jacq.,NA,US74
SOAM,SONIA,Solanum nigrum L. var. americanum (Mill.) O.E,NA,US74
SOBI2,NA,Sorghum bicolor (L.) Moench,sorghum,US74
SOLAN,NA,Solanum L.,nightshade,US74
SOLEN2,NA,Solenostemon Thonn.,solenostemon,US74
SOLY2,NA,Solanum lycopersicum L.,garden tomato,US74
SOLYL,NA,Solanum lycopersicum L. var. lycopersicum,garden tomato,US74
SOLYL,LYPY,Lycopersicon pyriforme Dunal,NA,US74
SOLYL,LYES,Lycopersicon esculentum Mill.,NA,US74
SOLYL,LYESE,Lycopersicon esculentum Mill. var. esculentum,NA,US74
SOLYL,LYLY2,Lycopersicon lycopersicum (L.) Karst. ex Farw,NA,US74
SONCH,NA,Sonchus L.,sowthistle,US74
SONE2,SONET,Solanum nelsonii Dunal var. thomasiifolium Se,NA,US74
SONE2,NA,Solanum nelsonii Dunal,Nelson's horsenettle,US74
SOOL,NA,Sonchus oleraceus L.,common sowthistle,US74
SORGH2,NA,Sorghum Moench,sorghum,US74
SOSC7,PLSC5,Plectranthus scutellarioides (L.) R. Br.,NA,US74
SOSC7,COBL,Coleus blumei Benth.,NA,US74
SOSC7,COSC7,Coleus scutellarioides (L.) Benth.,NA,US74
SOSC7,PLBL2,Plectranthus blumei (Benth.) Launert,NA,US74
SOSC7,COPU6,Coleus pumilus Blanco,NA,US74
SOSC7,NA,Solenostemon scutellarioides (L.) Codd,common coleus,US74
SPAS2,NA,Spermacoce assurgens Ruiz & Pav.,woodland false buttonweed,US74
SPAS2,SPRE,Spermacoce remota Lam.,NA,US74
SPAS2,BOLA4,Borreria laevis auct. non (Lam.) Griseb.,NA,US74
SPAS2,SPSU5,Spermacoce suffrutescens Jacq.,NA,US74
SPERM,NA,Spermacoce L.,false buttonweed,US74
SPHAG3,NA,Sphagneticola O. Hoffm.,creeping-oxeye,US74
SPIN4,SPTE12,Sporobolus tenacissimus auct.,NA,US74
SPIN4,NA,Sporobolus indicus (L.) R. Br.,smut grass,US74
SPINC3,NA,Sporobolus indicus (L.) R. Br. var. capensis ,rat-tail grass,US74
SPINC3,SPAF,Sporobolus africanus (Poir.) Robyns & Tournay,NA,US74
SPORO,NA,Sporobolus R. Br.,dropseed,US74
SPPY2,SPPA6,Sporobolus patens auct. non Swallen,NA,US74
SPPY2,AGPY,Agrostis pyramidata Lam.,NA,US74
SPPY2,SPAR3,Sporobolus argutus (Nees) Kunth,NA,US74
SPPY2,SPCO17,Sporobolus coromandelianus auct. non (Retz.) ,NA,US74
SPPY2,NA,Sporobolus pyramidatus (Lam.) Hitchc.,Madagascar dropseed,US74
SPPY2,SPPU2,Sporobolus pulvinatus Swallen,NA,US74
SPTR6,SITR4,Silphium trilobatum L.,NA,US74
SPTR6,NA,Sphagneticola trilobata (L.) Pruski,Bay Biscayne creeping-oxeye,US74
SPTR6,THTR10,Thelechitonia trilobata (L.) H. Rob. & Cuatre,NA,US74
SPTR6,COTR14,Complaya trilobata (L.) Strother,NA,US74
SPTR6,WETR,Wedelia trilobata (L.) Hitchc.,NA,US74
SPVI3,NA,Sporobolus virginicus (L.) Kunth,seashore dropseed,US74
SPVI3,AGVI8,Agrostis virginica L.,NA,US74
STACH,NA,Stachys L.,hedgenettle,US74
STACH2,NA,Stachytarpheta Vahl,porterweed,US74
STAR,NA,Stachys arvensis (L.) L.,staggerweed,US74
STCA8,STDI8,Stachytarpheta dichotoma (Ruiz & Pav.) Vahl,NA,US74
STCA8,NA,Stachytarpheta cayennensis (Rich.) Vahl,cayenne porterweed,US74
STCA8,VACA10,Valerianoides cayennensis (Rich.) Kuntze,NA,US74
STENO3,NA,Stenotaphrum Trin.,St. Augustine grass,US74
STICT,NA,Stictocardia Hallier f.,stictocardia,US74
STJA,NA,Stachytarpheta jamaicensis (L.) Vahl,light-blue snakeweed,US74
STJA,VAJA,Valerianoides jamaicensis (L.) Kuntze,NA,US74
STJA,STIN2,Stachytarpheta indica Vahl,NA,US74
STSE,ISSE3,Ischaemum secundatum Walter,NA,US74
STSE,NA,Stenotaphrum secundatum (Walter) Kuntze,St. Augustine grass,US74
STTI,STCA18,Stictocardia campanulata auct. non (L.) Merr.,NA,US74
STTI,RICA4,Rivea campanulata auct. non (L.) House,NA,US74
STTI,NA,Stictocardia tiliifolia (Desr.) Hallier f.,spottedheart,US74
STTI,IPCA11,Ipomoea campanulata auct. non L.,NA,US74
STTI,COTI6,Convolvulus tiliifolius Desr.,NA,US74
STUR,CYUR2,Cymburus urticifolius sensu Salisb.,NA,US74
STUR,NA,Stachytarpheta urticifolia Sims,nettleleaf velvetberry,US74
SUMA2,NA,Suriana maritima L.,bay cedar,US74
SURIA,NA,Suriana L.,suriana,US74
SYNED,NA,Synedrella Gaertn.,synedrella,US74
SYNO,VENO2,Verbesina nodiflora L.,NA,US74
SYNO,NA,Synedrella nodiflora (L.) Gaertn.,nodeweed,US74
TAIN2,NA,Tamarindus indica L.,tamarind,US74
TAMAR,NA,Tamarindus L.,tamarind,US74
TECA,NA,Terminalia catappa L.,tropical almond,US74
TERMI,NA,Terminalia L.,tropical almond,US74
TETE3,TEEX,Tetragonia expansa Murray,NA,US74
TETE3,NA,Tetragonia tetragonioides (Pall.) Kuntze,New Zealand spinach,US74
TETRA9,NA,Tetragonia L.,tetragonia,US74
THESP,NA,Thespesia Sol. ex Corrêa,thespesia,US74
THEVE,NA,Thevetia Adans.,thevetia,US74
THPE3,NA,Thevetia peruviana (Pers.) K. Schum.,luckynut,US74
THPE3,THNE3,Thevetia neriifolia Juss. ex Steud.,NA,US74
THPE3,CETH6,Cerbera thevetia L.,NA,US74
THPE3,CATH7,Cascabela thevetia (L.) Lippold,NA,US74
THPO3,NA,Thespesia populnea (L.) Sol. ex Corrêa,Portia tree,US74
TRADE,NA,Tradescantia L.,spiderwort,US74
TRCI2,NA,Tribulus cistoides L.,Jamaican feverplant,US74
TRIBU,NA,Tribulus L.,puncturevine,US74
TRIDA,NA,Tridax L.,tridax,US74
TRIUM,NA,Triumfetta L.,burbark,US74
TRMA7,NA,Tropaeolum majus L.,nasturtium,US74
TROPA,NA,Tropaeolum L.,nasturtium,US74
TRPR5,NA,Tridax procumbens L.,coatbuttons,US74
TRPR9,NA,Triumfetta procumbens G. Forst.,NA,US74
TRSP8,RHDI5,Rhoeo discolor (L'Hér.) Hance ex Walp.,NA,US74
TRSP8,TRBI11,Tradescantia bicolor L'Hér.,NA,US74
TRSP8,TRDI11,Tradescantia discolor L'Hér.,NA,US74
TRSP8,NA,Tradescantia spathacea Sw.,boatlily,US74
TRSP8,RHSP2,Rhoeo spathacea (Sw.) Stearn,NA,US74
TRTE,NA,Tribulus terrestris L.,puncturevine,US74
URMA3,PAMAT2,Panicum maximum Jacq. var. trichoglume Robyns,NA,US74
URMA3,PAMA4,Panicum maximum Jacq.,NA,US74
URMA3,MEMA22,Megathyrsus maximus (Jacq.) B.K. Simon & S.W.,NA,US74
URMA3,NA,Urochloa maxima (Jacq.) R. Webster,guineagrass,US74
URMU,NA,Urochloa mutica (Forssk.) T.Q. Nguyen,para grass,US74
URMU,BRMU,Brachiaria mutica (Forssk.) Stapf,NA,US74
URMU,PABA6,Panicum barbinode Trin.,NA,US74
URMU,BRPU5,Brachiaria purpurascens (Raddi) Henr.,NA,US74
URMU,PAMU13,Panicum muticum Forssk.,NA,US74
URMU,PAPU12,Panicum purpurascens Raddi,NA,US74
UROCH,NA,Urochloa P. Beauv.,signalgrass,US74
VACHE,NA,Vachellia Wight & Arn.,acacia,US74
VAFA,ACFA,Acacia farnesiana (L.) Willd.,NA,US74
VAFA,ACMID,Acacia minuta (M.E. Jones) R.M. Beauch. ssp. ,NA,US74
VAFA,ACMI4,Acacia minuta (M.E. Jones) R.M. Beauch.,NA,US74
VAFA,NA,Vachellia farnesiana (L.) Wight & Arn.,sweet acacia,US74
VAFA,ACFAF2,Acacia farnesiana (L.) Willd. var. farnesiana,NA,US74
VAFA,VADE4,Vachellia densiflora Alexander ex Small,NA,US74
VAFA,PIMI5,Pithecellobium minutum M.E. Jones,NA,US74
VAFA,MIFA,Mimosa farnesiana L.,NA,US74
VAFA,ACSM,Acacia smallii Isely,NA,US74
VEEN,NA,Verbesina encelioides (Cav.) Benth. & Hook. f,golden crownbeard,US74
VELI,NA,Verbena litoralis Kunth,seashore vervain,US74
VERBE,NA,Verbena L.,vervain,US74
VERBE2,NA,Verbesina L.,crownbeard,US74
VIGNA,NA,Vigna Savi,cowpea,US74
VIMA3,NA,Vigna marina (Burm. f.) Merr.,notched cowpea,US74
VIMA3,VIRE12,Vigna retusa (E. Mey.) Walp.,NA,US74
VITEX,NA,Vitex L.,chastetree,US74
VITR7,NA,Vitex trifolia L.,simpleleaf chastetree,US74
VITRT,NA,Vitex trifolia L. var. trifolia,simpleleaf chastetree,US74
VULPI,NA,Vulpia C.C. Gmel.,fescue,US74
VUMY,VUME,Vulpia megalura (Nutt.) Rydb.,NA,US74
VUMY,FEME,Festuca megalura Nutt.,NA,US74
VUMY,NA,Vulpia myuros (L.) C.C. Gmel.,NA,US74
VUMY,VUMYH,Vulpia myuros (L.) C.C. Gmel. var. hirsuta Ha,NA,US74
VUMY,VUMYM2,Vulpia myuros (L.) C.C. Gmel. var. myuros,NA,US74
VUMY,FEMY2,Festuca myuros L.,NA,US74
VUMY,FEMEH,Festuca megalura Nutt. var. hirsuta (Hack.) A,NA,US74
WAIN,WAINA,Waltheria indica L. var. americana (L.) R. Br,NA,US74
WAIN,WAAM2,Waltheria americana L.,NA,US74
WAIN,NA,Waltheria indica L.,uhaloa,US74
WAIN,WAPY,Waltheria pyrolifolia A. Gray,NA,US74
WALTH,NA,Waltheria L.,waltheria,US74
XANTH2,NA,Xanthium L.,cocklebur,US74
XAST,NA,Xanthium strumarium L.,rough cocklebur,US74
XASTC,XAMA,Xanthium macounii Britton,NA,US74
XASTC,XASA3,Xanthium saccharatum Wallr.,NA,US74
XASTC,XACA6,Xanthium cavanillesii Schouw,NA,US74
XASTC,XAEC,Xanthium echinatum Murray,NA,US74
XASTC,NA,Xanthium strumarium L. var. canadense (Mill.),Canada cocklebur,US74
XASTC,XAOV,Xanthium oviforme Wallr.,NA,US74
XASTC,XASTI,Xanthium strumarium L. ssp. italicum (Moretti,NA,US74
XASTC,XAOL,Xanthium oligacanthum Piper,NA,US74
XASTC,XACA4,Xanthium canadense Mill.,NA,US74
XASTC,XACAR,Xanthium californicum Greene var. rotundifoli,NA,US74
XASTC,XACO,Xanthium commune Britton,NA,US74
XASTC,XAIT,Xanthium italicum Moretti,NA,US74
XASTC,XAAC,Xanthium acerosum Greene,NA,US74
XASTC,XASTP,Xanthium strumarium L. var. pensylvanicum (Wa,NA,US74
XASTC,XAGL2,Xanthium glanduliferum Greene,NA,US74
XASTC,XAPE2,Xanthium pensylvanicum Wallr.,NA,US74
XASTC,XASTO,Xanthium strumarium L. var. oviforme (Wallr.),NA,US74
XASTC,XASP3,Xanthium speciosum Kearney,NA,US74
XASTC,XAVA,Xanthium varians Greene,NA,US74
XASTC,XACA3,Xanthium campestre Greene,NA,US74
XASTC,XACA2,Xanthium californicum Greene,NA,US74
XASTC,XACE2,Xanthium cenchroides Millsp. & Sherff,NA,US74
ZEA,NA,Zea L.,corn,US74
ZEMA,NA,Zea mays L.,corn,US74
ZIMA,NA,Ziziphus mauritiana Lam.,Indian jujube,US74
ZIMA,ZIJU2,"Ziziphus jujuba (L.) Lam., non Mill.",NA,US74
ZIZIP,NA,Ziziphus Mill.,jujube,US74
ZOMA2,NA,Zoysia matrella (L.) Merr.,Manila grass,US74
ZOMAM,AGMA9,Agrostis matrella L.,NA,US74
ZOMAM,NA,Zoysia matrella (L.) Merr. var. matrella,Manila grass,US74
ZOYSI,NA,Zoysia Willd.,lawngrass,US74
